{
	"mashling_schema": "0.2",
	"gateway": {
		"name": "event-dispatcher-router-mashling",
		"version": "1.0.0",
		"display_name":"Event Dispatcher And Router",
		"display_image":"displayImage.svg",
		"description": "Apache Kafka based event dispatcher that conditionally routes events to various handlers based on content",
		"configurations": [
			{
				"name": "kafkaConfig",
				"type": "github.com/TIBCOSoftware/mashling/ext/flogo/trigger/kafkasubrouter",
				"description": "Configuration for kafka cluster",
				"settings": {
					"BrokerUrl": "localhost:9092"
				}
			}
		],
		"triggers": [
            
			{
				"name": "users_trigger",
				"description": "The trigger on kafka 'users' topic",
				"type": "github.com/TIBCOSoftware/mashling/ext/flogo/trigger/kafkasubrouter",
				"settings": {
					"Topic": "users",
					"config": "${configurations.kafkaConfig}"
				}
			}
		],
		"event_handlers": [
            
            {
                "name": "usa_users_topic_handler",
                "description": "Handle the user access for USA users",
                "reference": "github.com/TIBCOSoftware/mashling/lib/flow/kafkaFlow.json"
              },
              {
                "name": "asia_users_topic_handler",
                "description": "Handle the user access for asia users",
                "reference": "github.com/TIBCOSoftware/mashling/lib/flow/kafkaFlow.json"
              }
		],
		"event_links": [
            {
                "triggers": ["users_trigger"],
                "dispatches": [
                  {
                    "if": "${trigger.content.country == USA}",
                    "handler": "usa_users_topic_handler"
                  },
                  {
                    "if": "${trigger.content.country in (IND,CHN,JPN)}",
                    "handler": "asia_users_topic_handler"
                  }
                ]
              }
		]
	}
}