{
  "mashling_schema": "0.2",
  "gateway": {
    "name": "tunable-rest-gateway",
    "version": "1.0.0",
    "display_name":"Tunable HTTP Router",
    "display_image":"displayImage.svg",
    "description": "This gateway queries different end-points based on the context supplied as environment flag.",
    "configurations": [
      {
        "name": "restConfig",
        "type": "github.com/TIBCOSoftware/mashling/ext/flogo/trigger/gorillamuxtrigger",
        "description": "Configuration for rest trigger",
        "settings": {
          "port": "9096"
        }
      }
    ],
    "triggers": [
      {
        "name": "get_rest_trigger",
        "description": "Rest trigger",
        "type": "github.com/TIBCOSoftware/mashling/ext/flogo/trigger/gorillamuxtrigger",
        "settings": {
          "config": "${configurations.restConfig}",
          "method": "GET",
          "path": "/id/{id}",
          "optimize":"true"
        }
      }
    ],
    "event_handlers": [
      {
        "name": "get_handler",
        "description": "Handle REST GET call",
        "reference": "github.com/TIBCOSoftware/mashling/lib/flow/TunableRestInvoker.json"
      }
    ],
    "event_links": [
      {
        "triggers": ["get_rest_trigger"],
        "dispatches": [
          {
            "if": "${env.API_CONTEXT == PETS}",
            "handler": "get_handler",
            "inputParams":{
              "id":"${pathParams.id}",
              "endPoint":"http://petstore.swagger.io/v2/pet/:id"
            }
          },
          {
            "if": "${env.API_CONTEXT == USERS}",
            "handler": "get_handler",
            "inputParams":{
              "id":"${pathParams.id}",
              "endPoint":"http://petstore.swagger.io/v2/user/:id"
            }
          },
          {
            "handler": "get_handler",
            "inputParams":{
              "id":"${pathParams.id}",
              "endPoint":"http://petstore.swagger.io/v2/pet/:id"
            }
          }
        ]
      }
    ]
  }
}