{
	"mashling_schema": "0.2",
	"gateway": {
		"name": "RestTrigger-To-KafkaActivity-mashling",
		"version": "1.0.0",
		"display_name":"RestTrigger to KafkaActivity Mashling",
		"description": "This is the first microgateway app",
		"configurations": [
			{
				"name": "kafkaConfig",
				"type": "github.com/TIBCOSoftware/flogo-contrib/trigger/kafkasub",
				"description": "Configuration for kafka cluster",
				"settings": {
					"BrokerUrl": "localhost:9092"
				}
			}
		],
		"triggers": [
            {
				"name": "rest_trigger4",
				"description": "The trigger on 'pets' endpoint",
				"type": "github.com/TIBCOSoftware/flogo-contrib/trigger/rest",
				"settings": {
					"port": "9096",
					"method": "PUT",
					"path": "/petEvent",
					"autoIdReply": "true",
						"useReplyHandler": "true"
				}
            }
		],
		"event_handlers": [
            {
				"name": "get_pet_handler4",
				"description": "Handle the user access",
				"reference": "github.com/TIBCOSoftware/mashling/lib/flow/RestTriggerToKafkaActivity.json",
				"params": {
					"uri": "petstore.swagger.io/v2/pet/3"
				}
			}
		],
		"event_links": [
            {
				"triggers": [
					"rest_trigger4"
				],
				"dispatches": [
					{
						"handler": "get_pet_handler4"
					}
				]
			}
		]
	}
}
